epoch,lr-Adam,step,train_loss_step
,0.03,0,
0,,49,0.1690923571586609
0,,99,0.16547414660453796
